Бренд,Название,Категория,Крепость,Направление,Описание
БАЗА,Кашмир,ПРЯНЫЙ,Крепкие,Специи,
БАЗА,Молоко,СЛАДКИЙ,Средние,Десертные,
БАЗА,Молочный шоколад,СЛАДКИЙ,Средние,Десертные,
БАЗА,Одуванчик,ПРЯНЫЙ,Средние,Цветочные,
БАЗА,Попкорн,СЛАДКИЙ,Средние,Десертные,
БАЗА,Сливочное масло,СЛАДКИЙ,Средние,Десертные,
САРМА,Азиатская дыня,СЛАДКИЙ,Легкие,Фрукты,
САРМА,Байкал,ПРЯНЫЙ,Средние,Травяные,
САРМА,Горная Лаванда,ПРЯНЫЙ,Крепкие,Травяные,
САРМА,Гранатовый сок,КИСЛЫЙ,Средние,Фрукты,
САРМА,Грейпфрутовый сок,КИСЛО-СЛАДКИЙ,Средние,Цитрусовые,
САРМА,Джин,КИСЛО-СЛАДКИЙ,Крепкие,Травяные,
САРМА,Зеленое яблоко,КИСЛО-СЛАДКИЙ,Средние,Фрукты,
САРМА,Зеленый крыжовник,КИСЛО-СЛАДКИЙ,Легкие,Ягодные,
САРМА,Лесная Малина,КИСЛО-СЛАДКИЙ,Средние,Ягодные,
САРМА,Ореховое молочко,СЛАДКИЙ,Средние,Десертные,
САРМА,Ромашковое Варенье,СЛАДКИЙ,Средние,Цветочные,
САРМА,Содовая Личи,СЛАДКИЙ,Крепкие,Фрукты,
САРМА,Щавель,КИСЛЫЙ,Средние,Травяные,
СЕВЕРНЫЙ,Белый Чай,ПРЯНЫЙ,Средние,Травяные,
СЕВЕРНЫЙ,Борзый Эвкалипт,СВЕЖИЙ,Средние,Травяные,
СЕВЕРНЫЙ,Грейпфрут тоник,КИСЛО-СЛАДКИЙ,Средние,Напитки,
СЕВЕРНЫЙ,Дерзский абсент,ПРЯНЫЙ,Средние,Напитки,
СЕВЕРНЫЙ,Завтрак Джуманджи,СЛАДКИЙ,Средние,Десертные,
СЕВЕРНЫЙ,Киви от Гиви,КИСЛО-СЛАДКИЙ,Средние,Фрукты,
СЕВЕРНЫЙ,Корица по жизни,ПРЯНЫЙ,Средние,Пряности,
СЕВЕРНЫЙ,Крутая Облепиха,КИСЛО-СЛАДКИЙ,Средние,Ягодные,
СЕВЕРНЫЙ,Нэпманская брусника,КИСЛЫЙ,Средние,Ягоды,
СЕВЕРНЫЙ,Рутбир,ПРЯНЫЙ,Средние,Специи,
СЕВЕРНЫЙ,Секвойя,ПРЯНЫЙ,Средние,Цветочные,
СЕВЕРНЫЙ,Супер крепкий,НЕЙТРАЛЬНЫЙ,Крепкие,Специи,
СЕВЕРНЫЙ,Супер мягкий,НЕЙТРАЛЬНЫЙ,Легкие,Специи,
СЕВЕРНЫЙ,Фиалковый моти,ПРЯНЫЙ,Средние,Цветочные,
СЕВЕРНЫЙ,Черничный Четверг,СЛАДКИЙ,Средние,Ягодные,
СЕВЕРНЫЙ,Ягоды Годжи,СЛАДКИЙ,Средние,Ягодные,
СЕВЕРНЫЙ PROFESSIONAL,Абрикос,СЛАДКИЙ,Крепкие,Фрукты,
СЕВЕРНЫЙ PROFESSIONAL,Ананасовый Сок,КИСЛО-СЛАДКИЙ,Крепкие,Фрукты,
СЕВЕРНЫЙ PROFESSIONAL,Апельсин,КИСЛО-СЛАДКИЙ,Средние,Цитрусовые,
СЕВЕРНЫЙ PROFESSIONAL,Ассам,ПРЯНЫЙ,Средние,Чайные,
СЕВЕРНЫЙ PROFESSIONAL,Земляника,СЛАДКИЙ,Средние,Ягоды,
СЕВЕРНЫЙ PROFESSIONAL,Манго,СЛАДКИЙ,Средние,Фрукты,
ХУЛИГАН,2016.0,СЛАДКИЙ,Средние,Десертные,
ХУЛИГАН,Berry Ninja,СЛАДКИЙ,Средние,Ягоды,
ХУЛИГАН,Panama,СЛАДКИЙ,Средние,Фрукты,
ХУЛИГАН,Tanos,КИСЛО-СЛАДКИЙ,Средние,Фрукты,
ХУЛИГАН,Vera,СЛАДКИЙ,Средние,Напитки,
ХУЛИГАН,Vita,КИСЛО-СЛАДКИЙ,Средние,Цитрусовые,
ADALYA,Double Apple,СЛАДКИЙ,Легкие,Фрукты,
BANGER,Cola Bella,СЛАДКИЙ,Легкие,Напитки,
BANGER,Currant,СЛАДКИЙ,Легкие,Ягоды,
BANGER,Evergreen,ПРЯНЫЙ,Легкие,Травяные,
BANGER,Raspberry,СЛАДКИЙ,Легкие,Ягоды,
BLACK BURN,Ananas Shock,КИСЛЫЙ,Крепкие,Фрукты,
BLACK BURN,Brownie,СЛАДКИЙ,Крепкие,Десертные,
BLACK BURN,Cane Mint,СВЕЖИЙ,Крепкие,Травяные,
BLACK BURN,Chupagraper,СЛАДКИЙ,Крепкие,Ягодные,
BLACK BURN,Epic Yogurt,СЛАДКИЙ,Крепкие,Ягодные,
BLACK BURN,Garnet,КИСЛО-СЛАДКИЙ,Крепкие,Фрукты,
BLACK BURN,Gooseberry Shock,КИСЛЫЙ,Средние,Ягодные,
BLACK BURN,Green Tea,КИСЛО-СЛАДКИЙ,Крепкие,Чайные,
BLACK BURN,Lemon Shock,КИСЛЫЙ,Крепкие,Цитрусовые,
BLACK BURN,Lemon sweets,СЛАДКИЙ,Крепкие,Цитрусовые,
BLACK BURN,Papaya V Obed,СЛАДКИЙ,Крепкие,Фрукты,
BLACK BURN,Peach Yogurt,СЛАДКИЙ,Крепкие,Фрукты,
BLACK BURN,Real P.F.,КИСЛО-СЛАДКИЙ,Крепкие,Фрукты,
BLACK BURN,Red Energy,СЛАДКИЙ,Крепкие,Напитки,
BLACK BURN,Shock Currant Shock,КИСЛЫЙ,Крепкие,Ягодные,
BLACK BURN,Strawberry Jam,СЛАДКИЙ,Крепкие,Ягодные,
BLACK BURN,TIK TAK,СЛАДКИЙ,Средние,Фрукты,
BLISS,Базилик,ПРЯНЫЙ,Легкие,Специи,
BLISS,Вишня,КИСЛО-СЛАДКИЙ,Легкие,Ягодные,
BLISS,Клубничный мильфей,СЛАДКИЙ,Легкие,Ягодные,
BLISS,Кокос,СЛАДКИЙ,Легкие,Десертные,
BLISS,Маракуйя,СЛАДКИЙ,Легкие,Фрукты,
BLISS,Сливочный крем,СЛАДКИЙ,Легкие,Десертные,
CHABACCO,Бузина,КИСЛО-СЛАДКИЙ,Легкие,Травяные,
CHABACCO,Клюква в сахарной пудре,КИСЛО-СЛАДКИЙ,Легкие,Ягодные,
CHABACCO,Королевский Лимонад,КИСЛО-СЛАДКИЙ,Легкие,Фруктово-ягодные,
CHABACCO,Помело,КИСЛО-СЛАДКИЙ,Легкие,Цитрусовые,
DARKSIDE,Aloha Ale,ПРЯНЫЙ,Средние,Напитки,
DARKSIDE,Basil Blast,КИСЛЫЙ,Средние,Травяные,
DARKSIDE,Bergamonstr,ПРЯНЫЙ,Средние,Чайные,
DARKSIDE,Cherry Rocks,КИСЛЫЙ,Средние,Ягодные,
DARKSIDE,Cola,КИСЛЫЙ,Средние,Напитки,
DARKSIDE,Cosmoflower,ПРЯНЫЙ,Средние,Цветочные,
DARKSIDE,Cream Soda,СЛАДКИЙ,Средние,Напитки,
DARKSIDE,Cyber Kiwi,СЛАДКИЙ,Средние,Фрукты,
DARKSIDE,Dark Mint,СВЕЖИЙ,Средние,Травяные,
DARKSIDE,Deasert Eagle,СЛАДКИЙ,Средние,Травяные,
DARKSIDE,Falling Star,СЛАДКИЙ,Средние,Фрукты,
DARKSIDE,Fruittallity,СЛАДКИЙ,Средние,Фрукты,
DARKSIDE,Green Beam,КИСЛО-СЛАДКИЙ,Средние,Фрукты,
DARKSIDE,Honey Dust,СЛАДКИЙ,Средние,Десертные,
DARKSIDE,ice granny,КИСЛО-СЛАДКИЙ,Средние,Фрукты,
DARKSIDE,Killer milk,СЛАДКИЙ,Средние,Десертные,
DARKSIDE,Lemonblast,СЛАДКИЙ,Средние,Цитрусовые,
DARKSIDE,Mary Jane,ПРЯНЫЙ,Средние,Травяные,
DARKSIDE,Needles,ПРЯНЫЙ,Средние,Травяные,
DARKSIDE,Nordberry,КИСЛЫЙ,Средние,Ягодные,
DARKSIDE,Pear,СЛАДКИЙ,Средние,Фрукты,
DARKSIDE,Pomelow,КИСЛО-СЛАДКИЙ,Средние,Цитрусовые,
DARKSIDE,Red Tea,ПРЯНЫЙ,Средние,Чайные,
DARKSIDE,Salbei,СВЕЖИЙ,Средние,Травяные,
DARKSIDE,Supernova,СВЕЖИЙ,Средние,Специи,
DARKSIDE,Supra,ПРЯНЫЙ,Средние,Чайные,
DARKSIDE,Virgin Peach 2.0.,СЛАДКИЙ,Средние,Фрукты,
DARKSIDE,Yagoda Malina,КИСЛЫЙ,Средние,Ягодные,
DEUS,Black JI,ПРЯНЫЙ,Средние,Десертные,
DEUS,Blackberry Wine,КИСЛО-СЛАДКИЙ,Средние,Ягодные,
DEUS,Elderberry,КИСЛО-СЛАДКИЙ,Средние,Травяные,
DEUS,Guinness,ПРЯНЫЙ,Средние,Напитки,
DEUS,Peonies,ПРЯНЫЙ,Средние,Цветочные,
DEUS,Yuzu,КИСЛО-СЛАДКИЙ,Средние,Цитрусовые,
ENDORPHIN,Banana,СЛАДКИЙ,Легкие,Фрукты,
HEAT ME,Виноградная газировка,КИСЛО-СЛАДКИЙ,Средние,Напитки,
HEAT ME,Земляника,СЛАДКИЙ,Средние,Ягодные,
HEAT ME,Красная смородина,КИСЛЫЙ,Средние,Ягодные,
HEAT ME,Лесные ягоды,СЛАДКИЙ,Средние,Ягодные,
HEAT ME,Папаевая жвачка,СЛАДКИЙ,Средние,Фрукты,
HEAT ME,Скитлз,КИСЛЫЙ,Средние,Фруктово-ягодные,
HEAT ME,Черная смородина,СЛАДКИЙ,Средние,Ягодные,
HELIX,Cardamon,ПРЯНЫЙ,Средние,Травяные,
HELIX,Cherry,КИСЛЫЙ,Средние,Ягодные,
HELIX,Strawberry Lassi,СЛАДКИЙ,Средние,Десертные,
JENT,Amber Shade,ПРЯНЫЙ,Средние,Напитки,
JENT,Gin Air,ПРЯНЫЙ,Средние,Напитки,
JENT,Jamaika,ПРЯНЫЙ,Средние,Травяные,
JENT,Labrador Tea,ПРЯНЫЙ,Средние,Травяные,
JENT,Linden Blossom,СЛАДКИЙ,Средние,Травяные,
JENT,Magenta,ПРЯНЫЙ,Средние,Травяные,
JENT,Sweet Clover,ПРЯНЫЙ,Средние,Цветочные,
MUST HAVE,Ананасовые колечки,КИСЛО-СЛАДКИЙ,Средние,Фрукты,
MUST HAVE,"Апельсин, мандарин",СЛАДКИЙ,Средние,Цитрусовые,
MUST HAVE,Ванильный крем,СЛАДКИЙ,Средние,Десертные,
MUST HAVE,Дыня,СЛАДКИЙ,Средние,Фрукты,
MUST HAVE,Ежевика,СЛАДКИЙ,Средние,Ягодные,
MUST HAVE,"Земляника, личи",СЛАДКИЙ,Средние,Фруктово-ягодные,
MUST HAVE,Кислые ягоды,КИСЛЫЙ,Средние,Ягодные,
MUST HAVE,Клубничный сорбет,СЛАДКИЙ,Средние,Ягодные,
MUST HAVE,Кокосовый шейк,СЛАДКИЙ,Средние,Десертные,
MUST HAVE,"Лимон, лайм",КИСЛЫЙ,Средние,Цитрусовые,
MUST HAVE,Малина,КИСЛО-СЛАДКИЙ,Средние,Ягодные,
MUST HAVE,"Манго, маракуйя,личи,роза",СЛАДКИЙ,Средние,Фрукты,
MUST HAVE,Пинкман,КИСЛО-СЛАДКИЙ,Средние,Фруктово-ягодные,
MUST HAVE,Рисовая каша,СЛАДКИЙ,Средние,Десертные,
MUST HAVE,Сливочная карамель,СЛАДКИЙ,Средние,Десертные,
MUST HAVE,Сливочное мороженое,СЛАДКИЙ,Средние,Десертные,
MUST HAVE,Чизкейк,СЛАДКИЙ,Средние,Десертные,
MUST HAVE,Шоколадное печенье,СЛАДКИЙ,Средние,Десертные,
MUST HAVE,Эстрагон,ПРЯНЫЙ,Средние,Травяные,
NAШ,Арбуз,СЛАДКИЙ,Средние,Фрукты,
NAШ,Гаспачо,СОЛЕНЫЙ,Средние,Гастрономия,
NAШ,Голубика,СЛАДКИЙ,Средние,Ягодные,
NAШ,Грут,ПРЯНЫЙ,Средние,Травяные,
NAШ,Индийские специи,ПРЯНЫЙ,Средние,Специи,
NAШ,Юбилейное Печенье,СЛАДКИЙ,Средние,Десертные,
OVERDOSE,Coffee,СЛАДКИЙ,Крепкие,Десертные,
OVERDOSE,Guajava,КИСЛО-СЛАДКИЙ,Крепкие,Фрукты,
OVERDOSE,Lost Futura,ПРЯНЫЙ,Крепкие,Ягодные,
OVERDOSE,Manila Malina,СЛАДКИЙ,Крепкие,Ягодные,
OVERDOSE,Maraschino Cherry,КИСЛО-СЛАДКИЙ,Крепкие,Ягодные,
OVERDOSE,Peach Iced Tea,СЛАДКИЙ,Крепкие,Чайные,
OVERDOSE,Waffle,СЛАДКИЙ,Крепкий,Десертные,
OVERDOSE,Walnut,ПРЯНЫЙ,Крепкие,Десертные,
PALITRA,Corn Hub,СЛАДКИЙ,Средние,Гастрономия,
PALITRA,Cucumber Drink,ПРЯНЫЙ,Средние,Напитки,
PALITRA,Gum Boom,СЛАДКИЙ,Средние,Фруктово-ягодные,
PALITRA,Pon Pon Chik,СЛАДКИЙ,Средние,Десертные,
PALITRA,Sarduri,СЛАДКИЙ,Средние,Ягодные,
PALITRA,Sauvignon Blanc,КИСЛЫЙ,Средние,Напитки,
PALITRA,Vafli USSR,СЛАДКИЙ,Средние,Десерты,
SAPPHIRE,Bitter cherry,КИСЛО-СЛАДКИЙ,Средние,Ягодные,
SAPPHIRE,Classy aperol,КИСЛО-СЛАДКИЙ,Средние,Напитки,
SAPPHIRE,Crownberry,КИСЛЫЙ,Средние,Ягодные,
SAPPHIRE,Dried Plum,СЛАДКИЙ,Средние,Фрукты,
SAPPHIRE,Ekzo,КИСЛО-СЛАДКИЙ,Средние,Фрукты,
SAPPHIRE,Fragant blackcurrant,СЛАДКИЙ,Средние,Ягодные,
SAPPHIRE,Go Banans,СЛАДКИЙ,Средние,Фрукты,
SAPPHIRE,Hazzlenut Crush,СЛАДКИЙ,Средние,Орехи,
SAPPHIRE,Ladan & Milk,СЛАДКИЙ,Средние,Десертные,
SAPPHIRE,Matcha Cocos,СЛАДКИЙ,Средние,Напитки,
SAPPHIRE,Ripe mango,СЛАДКИЙ,Средние,Фрукты,
SAPPHIRE,Siberian tonic,ПРЯНЫЙ,Средние,Травяные,
SAPPHIRE,Tropic Juice,СЛАДКИЙ,Средние,Фрукты,
SEBERO,Абрикос,СЛАДКИЙ,Легкие,Фрукты,
SEBERO,Апельсин,СЛАДКИЙ,Легкие,Цитрусовые,
SEBERO,Арбуз дыня,СЛАДКИЙ,Легкие,Фрукты,
SEBERO,Барбарис,СЛАДКИЙ,Легкие,Ягодные,
SEBERO,Ваниль,СЛАДКИЙ,Легкие,Десертные,
SEBERO,Виноград,СЛАДКИЙ,Легкие,Ягодные,
SEBERO,Ежевика,СЛАДКИЙ,Легкие,Ягодные,
SEBERO,Клубника,СЛАДКИЙ,Легкие,Ягодные,
SEBERO,Красное яблоко,СЛАДКИЙ,Легкие,Фрукты,
SEBERO,Лимончелло,КИСЛО-СЛАДКИЙ,Легкие,Цитрусовые,
SEBERO,Манго,СЛАДКИЙ,Легкие,Фрукты,
SEBERO,Молоко,СЛАДКИЙ,Легкие,Десерты,
SEBERO,Папайя,СЛАДКИЙ,Легкие,Фрукты,
SEBERO,Сочный Персик,СЛАДКИЙ,Легкие,Фрукты,
SEBERO,Стопка,ПРЯНЫЙ,Легкие,Напитки,
SEBERO,Энергетик,КИСЛО-СЛАДКИЙ,Легкие,Напитки,
SEBERO,Green Pear,КИСЛО-СЛАДКИЙ,Средние,Фрукты,
SEBERO BLACK,Маунтин Дью,КИСЛО-СЛАДКИЙ,Крепкие,Напитки,
SNOBLESS,Арахис,СЛАДКИЙ,Средние,Десертные,
SNOBLESS,Виноград,КИСЛО-СЛАДКИЙ,Средние,Ягодные,
SNOBLESS,"Груша, инжир, черимойя",СЛАДКИЙ,Средние,Фрукты,
SNOBLESS,"Камфора, дерево, ваниль",ПРЯНЫЙ,Средние,Специи,
SNOBLESS,Личи,СЛАДКИЙ,Средние,Ягодные,
SNOBLESS,Морковка,СОЛЕНЫЙ,Средние,Травяные,
SNOBLESS,Просеко,КИСЛО-СЛАДКИЙ,Средние,Напитки,
SPECTRUM,Бекон,СОЛЕНЫЙ,Средние,Гастрономия,
SPECTRUM,Карибский ром,ПРЯНЫЙ,Средние,Напитки,
SPECTRUM,Лайм,КИСЛЫЙ,Средние,Цитрусовые,
SPECTRUM,Пряное вино,ПРЯНЫЙ,Средние,Напитки,
SPECTRUM,Сочный апельсин,КИСЛО-СЛАДКИЙ,Средние,Цитрусовые,
SPECTRUM,Творожный сыр,СОЛЕНЫЙ,Средние,Гастрономия,
SPECTRUM,Тропический микс,КИСЛО-СЛАДКИЙ,Средние,Фрукты,
STARLINE,Ананас,КИСЛО-СЛАДКИЙ,Легкие,Фрукты,
STARLINE,Бельгийские вафли,СЛАДКИЙ,Легкие,Десертные,
STARLINE,Киви смузи,СЛАДКИЙ,Легкие,Фрукты,
STARLINE,Лемонграсс,ПРЯНЫЙ,Легкие,Травяные,
STARLINE,Лимон 2.0,КИСЛЫЙ,Средние,Цитрусовые,
STARLINE,Мятная Пастилка,СВЕЖИЙ,Легкие,Травяные,
STARLINE,Черничный Крамбл,СЛАДКИЙ,Легкие,Ягодные,
STARLINE,Ягодный сорбет,КИСЛО-СЛАДКИЙ,Легкие,Ягодные,
TROFIMOFF'S,Abricot,СЛАДКИЙ,Крепкие,Фрукты,
TROFIMOFF'S,Cookies,СЛАДКИЙ,Крепкие,Десертные,
TROFIMOFF'S,Crespino,КИСЛО-СЛАДКИЙ,Крепкие,Ягодные,
TROFIMOFF'S,Finlandia Vanilla,СЛАДКИЙ,Крепкие,Десертные,
TROFIMOFF'S,Grapefruit,КИСЛО-СЛАДКИЙ,Крепкие,Цитрусовые,
TROFIMOFF'S,Hurtleberry,КИСЛО-СЛАДКИЙ,Крепкие,Ягодные,
TROFIMOFF'S,Italia,НЕЙТРАЛЬНЫЙ,Крепкие,,
TROFIMOFF'S,LImonata,КИСЛЫЙ,Крепкие,Напитки,
TROFIMOFF'S,Mangifera,СЛАДКИЙ,Крепкие,Фрукты,
TROFIMOFF'S,Passion Fruit,СЛАДКИЙ,Крепкие,Фрукты,
TROFIMOFF'S,The Rose,ПРЯНЫЙ,Крепкие,Цветочные,
WAVE,Дуб,ПРЯНЫЙ,Средние,Специи,
WAVE,Иланг-Иланг,ПРЯНЫЙ,Средние,Травяные,
WAVE,Лесные ягоды,КИСЛО-СЛАДКИЙ,Средние,Ягодные,
WAVE,Сорбет Папайя/Персик,СЛАДКИЙ,Средние,Фрукты,
WAVE,Яблоко Фуджи,КИСЛО-СЛАДКИЙ,Средние,Фрукты,
